{
  "baseline_Face": {
    "auc": 0.6977272727272726,
    "eer": 38.18181818181819,
    "accuracy": 61.29032258064516,
    "f1": 53.846153846153854
  },
  "flid_Face": {
    "auc": 0.9249999999999999,
    "eer": 19.090909090909093,
    "accuracy": 80.64516129032258,
    "f1": 75.00000000000001
  },
  "baseline_Text": {
    "auc": 0.48092677931387606,
    "eer": 51.996927803379414,
    "accuracy": 48.0,
    "f1": 48.0
  },
  "flid_Text": {
    "auc": 0.9559053069719042,
    "eer": 9.67741935483871,
    "accuracy": 90.32258064516128,
    "f1": 90.32258064516128
  },
  "baseline_Both": {
    "auc": 0.45533826638477803,
    "eer": 54.0169133192389,
    "accuracy": 45.97701149425287,
    "f1": 45.97701149425287
  },
  "flid_Both": {
    "auc": 0.9604097452934661,
    "eer": 9.413067552602437,
    "accuracy": 90.58823529411765,
    "f1": 90.47619047619048
  },
  "whole_image_face": {
    "auc": 0.48181818181818187,
    "eer": 54.77272727272727,
    "accuracy": 45.16129032258064,
    "f1": 37.03703703703703
  },
  "coord_face": {
    "auc": 0.7772727272727273,
    "auc_std": 0.11771761982188102,
    "eer": 23.31818181818182,
    "eer_std": 13.230786787196914,
    "accuracy": 76.77419354838709,
    "accuracy_std": 13.12709028991987,
    "f1": 70.68004459308807,
    "f1_std": 15.255138355406185
  },
  "yolo_face": {
    "auc": 0.7899999999999999,
    "auc_std": 0.12725324526216242,
    "eer": 25.227272727272727,
    "eer_std": 14.156007981894861,
    "accuracy": 74.83870967741935,
    "accuracy_std": 14.046155520694992,
    "f1": 68.54671125975474,
    "f1_std": 16.37215430254758
  },
  "coord_text": {
    "auc": 0.5591831425598335,
    "auc_std": 0.03474479077453498,
    "eer": 47.41935483870968,
    "eer_std": 2.9476882068543664,
    "accuracy": 52.58064516129032,
    "accuracy_std": 2.9476882068543673,
    "f1": 52.56904274849201,
    "f1_std": 3.109291034282559
  },
  "yolo_text": {
    "auc": 0.5638917793964621,
    "auc_std": 0.05001779556217447,
    "eer": 46.12903225806452,
    "eer_std": 3.5848565759504627,
    "accuracy": 53.87096774193549,
    "accuracy_std": 3.5848565759504636,
    "f1": 53.88026226068712,
    "f1_std": 3.4745814087348434
  },
  "finetuned_pretrained_Face": {
    "auc": 0.5068181753158569,
    "eer": 54.77272868156433,
    "accuracy": 50.0,
    "f1": 0.0
  },
  "finetuned_pretrained_Text": {
    "auc": 0.4918074607849121,
    "eer": 49.60317611694336,
    "accuracy": 50.0,
    "f1": 0.0
  },
  "finetuned_pretrained_Both": {
    "auc": 0.7600423097610474,
    "eer": 32.188159227371216,
    "accuracy": 50.0,
    "f1": 0.0
  },
  "backbone_MobileNetV3-Small_face": {
    "auc": 0.7003484320557493,
    "eer": 38.55981416957027,
    "accuracy": 61.29032258064516,
    "f1": 52.0
  },
  "backbone_EfficientNet-B0_face": {
    "auc": 0.7409988385598142,
    "eer": 37.340301974448316,
    "accuracy": 62.903225806451616,
    "f1": 53.06122448979592
  },
  "backbone_ResNet-18_face": {
    "auc": 0.5940766550522648,
    "eer": 42.1602787456446,
    "accuracy": 58.06451612903226,
    "f1": 48.00000000000001
  }
}