{
  "coord_face": {
    "auc": 0.7772727272727273,
    "auc_std": 0.11771761982188102,
    "eer": 23.31818181818182,
    "eer_std": 13.230786787196914,
    "accuracy": 76.77419354838709,
    "accuracy_std": 13.12709028991987,
    "f1": 70.68004459308807,
    "f1_std": 15.255138355406185
  },
  "yolo_face": {
    "auc": 0.7899999999999999,
    "auc_std": 0.12725324526216242,
    "eer": 25.227272727272727,
    "eer_std": 14.156007981894861,
    "accuracy": 74.83870967741935,
    "accuracy_std": 14.046155520694992,
    "f1": 68.54671125975474,
    "f1_std": 16.37215430254758
  },
  "coord_text": {
    "auc": 0.5591831425598335,
    "auc_std": 0.03474479077453498,
    "eer": 47.41935483870968,
    "eer_std": 2.9476882068543664,
    "accuracy": 52.58064516129032,
    "accuracy_std": 2.9476882068543673,
    "f1": 52.56904274849201,
    "f1_std": 3.109291034282559
  },
  "yolo_text": {
    "auc": 0.5638917793964621,
    "auc_std": 0.05001779556217447,
    "eer": 46.12903225806452,
    "eer_std": 3.5848565759504627,
    "accuracy": 53.87096774193549,
    "accuracy_std": 3.5848565759504636,
    "f1": 53.88026226068712,
    "f1_std": 3.4745814087348434
  },
  "flid_pipeline_Face": {
    "auc": 0.9249999999999999,
    "eer": 19.090909090909093,
    "accuracy": 80.64516129032258,
    "f1": 75.00000000000001
  },
  "flid_pipeline_Text": {
    "auc": 0.9559053069719042,
    "eer": 9.67741935483871,
    "accuracy": 90.32258064516128,
    "f1": 90.32258064516128
  }
}