{
  "kfold_cv": {
    "Face Attack": {
      "auc": {
        "mean": 0.8800000000000001,
        "std": 0.0537662141602323,
        "per_fold": [
          0.8863636363636364,
          0.959090909090909,
          0.8295454545454546,
          0.8125,
          0.9125000000000001
        ]
      },
      "eer": {
        "mean": 0.18045454545454548,
        "std": 0.07044134773749278,
        "per_fold": [
          0.19090909090909092,
          0.09545454545454546,
          0.19090909090909092,
          0.3,
          0.125
        ]
      },
      "accuracy": {
        "mean": 81.65591397849462,
        "std": 6.901048127357101,
        "per_fold": [
          80.64516129032258,
          90.32258064516128,
          80.64516129032258,
          70.0,
          86.66666666666667
        ]
      },
      "f1": {
        "mean": 75.92885375494072,
        "std": 8.772700337516431,
        "per_fold": [
          75.00000000000001,
          86.95652173913044,
          75.00000000000001,
          60.8695652173913,
          81.81818181818183
        ]
      },
      "bpcer10": {
        "mean": 23.0,
        "std": 12.083045973594572,
        "per_fold": [
          20.0,
          10.0,
          25.0,
          45.0,
          15.0
        ]
      },
      "bpcer20": {
        "mean": 45.0,
        "std": 29.664793948382652,
        "per_fold": [
          20.0,
          15.0,
          30.0,
          90.0,
          70.0
        ]
      },
      "bpcer50": {
        "mean": 45.0,
        "std": 29.664793948382652,
        "per_fold": [
          20.0,
          15.0,
          30.0,
          90.0,
          70.0
        ]
      },
      "bpcer100": {
        "mean": 45.0,
        "std": 29.664793948382652,
        "per_fold": [
          20.0,
          15.0,
          30.0,
          90.0,
          70.0
        ]
      }
    },
    "Text Attack": {
      "auc": {
        "mean": 0.9536124575325544,
        "std": 0.015881883184436493,
        "per_fold": [
          0.9314337756960709,
          0.9706035379812694,
          0.9586368366285121,
          0.9687825182101977,
          0.9386056191467221
        ]
      },
      "eer": {
        "mean": 0.11613574744193464,
        "std": 0.012077046705554217,
        "per_fold": [
          0.12906583398386678,
          0.11290322580645161,
          0.12903225806451613,
          0.0967741935483871,
          0.11290322580645161
        ]
      },
      "accuracy": {
        "mean": 88.38709677419354,
        "std": 1.2069862537980431,
        "per_fold": [
          87.09677419354838,
          88.70967741935483,
          87.09677419354838,
          90.32258064516128,
          88.70967741935483
        ]
      },
      "f1": {
        "mean": 88.34479111581172,
        "std": 1.2542530782821009,
        "per_fold": [
          86.88524590163934,
          88.70967741935483,
          87.09677419354838,
          90.32258064516128,
          88.70967741935483
        ]
      },
      "bpcer10": {
        "mean": 11.894521249359958,
        "std": 2.171200081324734,
        "per_fold": [
          12.698412698412698,
          11.29032258064516,
          14.516129032258066,
          8.064516129032258,
          12.903225806451612
        ]
      },
      "bpcer20": {
        "mean": 21.203277009728623,
        "std": 5.8957054952877765,
        "per_fold": [
          26.984126984126984,
          11.29032258064516,
          24.193548387096776,
          17.741935483870968,
          25.806451612903224
        ]
      },
      "bpcer50": {
        "mean": 37.240143369175634,
        "std": 16.853654881548863,
        "per_fold": [
          55.55555555555556,
          14.516129032258066,
          48.38709677419355,
          19.35483870967742,
          48.38709677419355
        ]
      },
      "bpcer100": {
        "mean": 51.72555043522785,
        "std": 21.515002843849317,
        "per_fold": [
          65.07936507936508,
          14.516129032258066,
          50.0,
          50.0,
          79.03225806451613
        ]
      }
    },
    "Both Attacks": {
      "auc": {
        "mean": 0.922735063017455,
        "std": 0.03633846796150265,
        "per_fold": [
          0.9031007751937983,
          0.9058693244739755,
          0.8747165532879819,
          0.9597505668934241,
          0.9702380952380952
        ]
      },
      "eer": {
        "mean": 0.1515503875968992,
        "std": 0.06452456764522489,
        "per_fold": [
          0.21179401993355482,
          0.14119601328903653,
          0.23809523809523808,
          0.09523809523809523,
          0.07142857142857142
        ]
      },
      "accuracy": {
        "mean": 84.84593837535014,
        "std": 6.4519722020298085,
        "per_fold": [
          78.82352941176471,
          85.88235294117646,
          76.19047619047619,
          90.47619047619048,
          92.85714285714286
        ]
      },
      "f1": {
        "mean": 84.82834994462901,
        "std": 6.505466382230908,
        "per_fold": [
          78.57142857142857,
          86.04651162790698,
          76.19047619047619,
          90.47619047619048,
          92.85714285714286
        ]
      },
      "bpcer10": {
        "mean": 20.354374307862678,
        "std": 11.066918981545811,
        "per_fold": [
          25.581395348837212,
          30.952380952380953,
          30.952380952380953,
          9.523809523809524,
          4.761904761904762
        ]
      },
      "bpcer20": {
        "mean": 35.10520487264674,
        "std": 15.298433168840864,
        "per_fold": [
          27.906976744186046,
          59.523809523809526,
          45.23809523809524,
          16.666666666666664,
          26.190476190476193
        ]
      },
      "bpcer50": {
        "mean": 51.08527131782945,
        "std": 22.336894424893615,
        "per_fold": [
          72.09302325581395,
          76.19047619047619,
          57.14285714285714,
          21.428571428571427,
          28.57142857142857
        ]
      },
      "bpcer100": {
        "mean": 51.08527131782945,
        "std": 22.336894424893615,
        "per_fold": [
          72.09302325581395,
          76.19047619047619,
          57.14285714285714,
          21.428571428571427,
          28.57142857142857
        ]
      }
    }
  },
  "bootstrap_ci": {
    "Face Attack": {
      "baseline": {
        "auc": {
          "mean": 0.6852502873179254,
          "std": 0.09142267410297075,
          "ci_lo": 0.49745535714285716,
          "ci_hi": 0.8483585858585858
        },
        "eer": {
          "mean": 0.3778923263551881,
          "std": 0.10261626260615399,
          "ci_lo": 0.17559523809523808,
          "ci_hi": 0.5811430921052633
        },
        "accuracy": {
          "mean": 62.24193548387097,
          "std": 10.020777062925266,
          "ci_lo": 41.935483870967744,
          "ci_hi": 80.64516129032258
        },
        "f1": {
          "mean": 53.5151091690092,
          "std": 12.560730914259489,
          "ci_lo": 28.57142857142857,
          "ci_hi": 78.5768398268398
        },
        "bpcer10": {
          "mean": 63.0482654471195,
          "std": 21.42176455310898,
          "ci_lo": 23.52941176470588,
          "ci_hi": 95.8375
        },
        "bpcer20": {
          "mean": 73.65213242508477,
          "std": 19.1671917123655,
          "ci_lo": 29.166666666666668,
          "ci_hi": 100.0
        },
        "bpcer50": {
          "mean": 73.65213242508477,
          "std": 19.1671917123655,
          "ci_lo": 29.166666666666668,
          "ci_hi": 100.0
        },
        "bpcer100": {
          "mean": 73.65213242508477,
          "std": 19.1671917123655,
          "ci_lo": 29.166666666666668,
          "ci_hi": 100.0
        }
      },
      "flid": {
        "auc": {
          "mean": 0.9238174945745875,
          "std": 0.04260004263756209,
          "ci_lo": 0.8314003623188406,
          "ci_hi": 0.9899015151515151
        },